{
  "timestamp": "2025-12-25T20:34:28.952265",
  "github_ai_score": 72.0,
  "claude_ai_score": 86.0,
  "codex_ai_score": 89.0,
  "consensus_score": 82.33333333333333,
  "market_readiness": "Ready for immediate sale",
  "cost_savings": 265,
  "quality_match_percentage": 82.33333333333333
}